window_index,predicted_label,confidence,timestamp_s,timestamp_kind,modality,source_project,source_model,model_version,protocol_id,source_subject,source_session,input_artifact_sha256,probabilities
0,rest,0.99,0.2,derived_window_center,sEMG,MyoControl,myocontrol-synthetic-scenario,synthetic-scenario-v1,r2.2-emg-intent-replay-v1,SYNTHETIC,baseline_pick_place,bdaca196a526ea3697f477f2a462bbafe055087210910dc56bae88aad1e55a59,"{""pinch"":0.01,""rest"":0.99}"
1,pinch,0.95,0.4,derived_window_center,sEMG,MyoControl,myocontrol-synthetic-scenario,synthetic-scenario-v1,r2.2-emg-intent-replay-v1,SYNTHETIC,baseline_pick_place,bdaca196a526ea3697f477f2a462bbafe055087210910dc56bae88aad1e55a59,"{""pinch"":0.95,""rest"":0.05}"
2,pinch,0.95,0.6,derived_window_center,sEMG,MyoControl,myocontrol-synthetic-scenario,synthetic-scenario-v1,r2.2-emg-intent-replay-v1,SYNTHETIC,baseline_pick_place,bdaca196a526ea3697f477f2a462bbafe055087210910dc56bae88aad1e55a59,"{""pinch"":0.95,""rest"":0.05}"
3,pinch,0.95,0.8,derived_window_center,sEMG,MyoControl,myocontrol-synthetic-scenario,synthetic-scenario-v1,r2.2-emg-intent-replay-v1,SYNTHETIC,baseline_pick_place,bdaca196a526ea3697f477f2a462bbafe055087210910dc56bae88aad1e55a59,"{""pinch"":0.95,""rest"":0.05}"
4,pinch,0.95,1.0,derived_window_center,sEMG,MyoControl,myocontrol-synthetic-scenario,synthetic-scenario-v1,r2.2-emg-intent-replay-v1,SYNTHETIC,baseline_pick_place,bdaca196a526ea3697f477f2a462bbafe055087210910dc56bae88aad1e55a59,"{""pinch"":0.95,""rest"":0.05}"
5,pinch,0.95,1.2,derived_window_center,sEMG,MyoControl,myocontrol-synthetic-scenario,synthetic-scenario-v1,r2.2-emg-intent-replay-v1,SYNTHETIC,baseline_pick_place,bdaca196a526ea3697f477f2a462bbafe055087210910dc56bae88aad1e55a59,"{""pinch"":0.95,""rest"":0.05}"
6,pinch,0.95,1.4,derived_window_center,sEMG,MyoControl,myocontrol-synthetic-scenario,synthetic-scenario-v1,r2.2-emg-intent-replay-v1,SYNTHETIC,baseline_pick_place,bdaca196a526ea3697f477f2a462bbafe055087210910dc56bae88aad1e55a59,"{""pinch"":0.95,""rest"":0.05}"
7,pinch,0.95,1.6,derived_window_center,sEMG,MyoControl,myocontrol-synthetic-scenario,synthetic-scenario-v1,r2.2-emg-intent-replay-v1,SYNTHETIC,baseline_pick_place,bdaca196a526ea3697f477f2a462bbafe055087210910dc56bae88aad1e55a59,"{""pinch"":0.95,""rest"":0.05}"
8,pinch,0.95,1.8,derived_window_center,sEMG,MyoControl,myocontrol-synthetic-scenario,synthetic-scenario-v1,r2.2-emg-intent-replay-v1,SYNTHETIC,baseline_pick_place,bdaca196a526ea3697f477f2a462bbafe055087210910dc56bae88aad1e55a59,"{""pinch"":0.95,""rest"":0.05}"
9,pinch,0.95,2.0,derived_window_center,sEMG,MyoControl,myocontrol-synthetic-scenario,synthetic-scenario-v1,r2.2-emg-intent-replay-v1,SYNTHETIC,baseline_pick_place,bdaca196a526ea3697f477f2a462bbafe055087210910dc56bae88aad1e55a59,"{""pinch"":0.95,""rest"":0.05}"
10,pinch,0.95,2.2,derived_window_center,sEMG,MyoControl,myocontrol-synthetic-scenario,synthetic-scenario-v1,r2.2-emg-intent-replay-v1,SYNTHETIC,baseline_pick_place,bdaca196a526ea3697f477f2a462bbafe055087210910dc56bae88aad1e55a59,"{""pinch"":0.95,""rest"":0.05}"
11,pinch,0.95,2.4,derived_window_center,sEMG,MyoControl,myocontrol-synthetic-scenario,synthetic-scenario-v1,r2.2-emg-intent-replay-v1,SYNTHETIC,baseline_pick_place,bdaca196a526ea3697f477f2a462bbafe055087210910dc56bae88aad1e55a59,"{""pinch"":0.95,""rest"":0.05}"
12,pinch,0.95,2.6,derived_window_center,sEMG,MyoControl,myocontrol-synthetic-scenario,synthetic-scenario-v1,r2.2-emg-intent-replay-v1,SYNTHETIC,baseline_pick_place,bdaca196a526ea3697f477f2a462bbafe055087210910dc56bae88aad1e55a59,"{""pinch"":0.95,""rest"":0.05}"
13,pinch,0.95,2.8,derived_window_center,sEMG,MyoControl,myocontrol-synthetic-scenario,synthetic-scenario-v1,r2.2-emg-intent-replay-v1,SYNTHETIC,baseline_pick_place,bdaca196a526ea3697f477f2a462bbafe055087210910dc56bae88aad1e55a59,"{""pinch"":0.95,""rest"":0.05}"
14,pinch,0.95,3.0,derived_window_center,sEMG,MyoControl,myocontrol-synthetic-scenario,synthetic-scenario-v1,r2.2-emg-intent-replay-v1,SYNTHETIC,baseline_pick_place,bdaca196a526ea3697f477f2a462bbafe055087210910dc56bae88aad1e55a59,"{""pinch"":0.95,""rest"":0.05}"
15,pinch,0.95,3.2,derived_window_center,sEMG,MyoControl,myocontrol-synthetic-scenario,synthetic-scenario-v1,r2.2-emg-intent-replay-v1,SYNTHETIC,baseline_pick_place,bdaca196a526ea3697f477f2a462bbafe055087210910dc56bae88aad1e55a59,"{""pinch"":0.95,""rest"":0.05}"
16,pinch,0.95,3.4,derived_window_center,sEMG,MyoControl,myocontrol-synthetic-scenario,synthetic-scenario-v1,r2.2-emg-intent-replay-v1,SYNTHETIC,baseline_pick_place,bdaca196a526ea3697f477f2a462bbafe055087210910dc56bae88aad1e55a59,"{""pinch"":0.95,""rest"":0.05}"
17,pinch,0.95,3.6,derived_window_center,sEMG,MyoControl,myocontrol-synthetic-scenario,synthetic-scenario-v1,r2.2-emg-intent-replay-v1,SYNTHETIC,baseline_pick_place,bdaca196a526ea3697f477f2a462bbafe055087210910dc56bae88aad1e55a59,"{""pinch"":0.95,""rest"":0.05}"
18,pinch,0.95,3.8,derived_window_center,sEMG,MyoControl,myocontrol-synthetic-scenario,synthetic-scenario-v1,r2.2-emg-intent-replay-v1,SYNTHETIC,baseline_pick_place,bdaca196a526ea3697f477f2a462bbafe055087210910dc56bae88aad1e55a59,"{""pinch"":0.95,""rest"":0.05}"
19,pinch,0.95,4.0,derived_window_center,sEMG,MyoControl,myocontrol-synthetic-scenario,synthetic-scenario-v1,r2.2-emg-intent-replay-v1,SYNTHETIC,baseline_pick_place,bdaca196a526ea3697f477f2a462bbafe055087210910dc56bae88aad1e55a59,"{""pinch"":0.95,""rest"":0.05}"
20,pinch,0.95,4.2,derived_window_center,sEMG,MyoControl,myocontrol-synthetic-scenario,synthetic-scenario-v1,r2.2-emg-intent-replay-v1,SYNTHETIC,baseline_pick_place,bdaca196a526ea3697f477f2a462bbafe055087210910dc56bae88aad1e55a59,"{""pinch"":0.95,""rest"":0.05}"
21,pinch,0.95,4.4,derived_window_center,sEMG,MyoControl,myocontrol-synthetic-scenario,synthetic-scenario-v1,r2.2-emg-intent-replay-v1,SYNTHETIC,baseline_pick_place,bdaca196a526ea3697f477f2a462bbafe055087210910dc56bae88aad1e55a59,"{""pinch"":0.95,""rest"":0.05}"
22,pinch,0.95,4.6,derived_window_center,sEMG,MyoControl,myocontrol-synthetic-scenario,synthetic-scenario-v1,r2.2-emg-intent-replay-v1,SYNTHETIC,baseline_pick_place,bdaca196a526ea3697f477f2a462bbafe055087210910dc56bae88aad1e55a59,"{""pinch"":0.95,""rest"":0.05}"
23,pinch,0.95,4.8,derived_window_center,sEMG,MyoControl,myocontrol-synthetic-scenario,synthetic-scenario-v1,r2.2-emg-intent-replay-v1,SYNTHETIC,baseline_pick_place,bdaca196a526ea3697f477f2a462bbafe055087210910dc56bae88aad1e55a59,"{""pinch"":0.95,""rest"":0.05}"
24,pinch,0.95,5.0,derived_window_center,sEMG,MyoControl,myocontrol-synthetic-scenario,synthetic-scenario-v1,r2.2-emg-intent-replay-v1,SYNTHETIC,baseline_pick_place,bdaca196a526ea3697f477f2a462bbafe055087210910dc56bae88aad1e55a59,"{""pinch"":0.95,""rest"":0.05}"
25,pinch,0.95,5.2,derived_window_center,sEMG,MyoControl,myocontrol-synthetic-scenario,synthetic-scenario-v1,r2.2-emg-intent-replay-v1,SYNTHETIC,baseline_pick_place,bdaca196a526ea3697f477f2a462bbafe055087210910dc56bae88aad1e55a59,"{""pinch"":0.95,""rest"":0.05}"
26,pinch,0.95,5.4,derived_window_center,sEMG,MyoControl,myocontrol-synthetic-scenario,synthetic-scenario-v1,r2.2-emg-intent-replay-v1,SYNTHETIC,baseline_pick_place,bdaca196a526ea3697f477f2a462bbafe055087210910dc56bae88aad1e55a59,"{""pinch"":0.95,""rest"":0.05}"
27,pinch,0.95,5.6,derived_window_center,sEMG,MyoControl,myocontrol-synthetic-scenario,synthetic-scenario-v1,r2.2-emg-intent-replay-v1,SYNTHETIC,baseline_pick_place,bdaca196a526ea3697f477f2a462bbafe055087210910dc56bae88aad1e55a59,"{""pinch"":0.95,""rest"":0.05}"
28,pinch,0.95,5.8,derived_window_center,sEMG,MyoControl,myocontrol-synthetic-scenario,synthetic-scenario-v1,r2.2-emg-intent-replay-v1,SYNTHETIC,baseline_pick_place,bdaca196a526ea3697f477f2a462bbafe055087210910dc56bae88aad1e55a59,"{""pinch"":0.95,""rest"":0.05}"
29,pinch,0.95,6.0,derived_window_center,sEMG,MyoControl,myocontrol-synthetic-scenario,synthetic-scenario-v1,r2.2-emg-intent-replay-v1,SYNTHETIC,baseline_pick_place,bdaca196a526ea3697f477f2a462bbafe055087210910dc56bae88aad1e55a59,"{""pinch"":0.95,""rest"":0.05}"
30,pinch,0.95,6.2,derived_window_center,sEMG,MyoControl,myocontrol-synthetic-scenario,synthetic-scenario-v1,r2.2-emg-intent-replay-v1,SYNTHETIC,baseline_pick_place,bdaca196a526ea3697f477f2a462bbafe055087210910dc56bae88aad1e55a59,"{""pinch"":0.95,""rest"":0.05}"
31,rest,0.99,6.4,derived_window_center,sEMG,MyoControl,myocontrol-synthetic-scenario,synthetic-scenario-v1,r2.2-emg-intent-replay-v1,SYNTHETIC,baseline_pick_place,bdaca196a526ea3697f477f2a462bbafe055087210910dc56bae88aad1e55a59,"{""pinch"":0.01,""rest"":0.99}"
32,rest,0.99,6.6,derived_window_center,sEMG,MyoControl,myocontrol-synthetic-scenario,synthetic-scenario-v1,r2.2-emg-intent-replay-v1,SYNTHETIC,baseline_pick_place,bdaca196a526ea3697f477f2a462bbafe055087210910dc56bae88aad1e55a59,"{""pinch"":0.01,""rest"":0.99}"
